"2022/cve-2022-0001.json","2024-04-02T16:34:13+02:00"
"2022/cve-2022-0002.json","2024-04-02T16:34:13+02:00"
"2022/cve-2022-0005.json","2024-04-02T16:34:13+02:00"
"2022/cve-2022-0084.json","2024-04-02T16:34:13+02:00"
"2022/cve-2022-0128.json","2024-04-02T16:34:14+02:00"
"2022/cve-2022-0135.json","2024-04-02T16:34:14+02:00"
"2022/cve-2022-0144.json","2024-04-02T16:34:14+02:00"
"2022/cve-2022-0155.json","2024-04-02T16:34:14+02:00"
"2022/cve-2022-0156.json","2024-04-02T16:34:14+02:00"
"2022/cve-2022-0158.json","2024-04-02T16:34:15+02:00"
"2022/cve-2022-0168.json","2024-04-02T16:34:15+02:00"
"2022/cve-2022-0171.json","2024-04-02T16:34:15+02:00"
"2022/cve-2022-0175.json","2024-04-02T16:34:15+02:00"
"2022/cve-2022-0185.json","2024-04-02T16:34:15+02:00"
"2022/cve-2022-0204.json","2024-04-02T16:34:16+02:00"
"2022/cve-2022-0207.json","2024-04-02T16:34:16+02:00"
"2022/cve-2022-0213.json","2024-04-02T16:34:16+02:00"
"2022/cve-2022-0216.json","2024-04-02T16:34:16+02:00"
"2022/cve-2022-0225.json","2024-04-02T16:34:16+02:00"
"2022/cve-2022-0235.json","2024-04-02T16:34:17+02:00"
"2022/cve-2022-0261.json","2024-04-02T16:34:17+02:00"
"2022/cve-2022-0264.json","2024-04-02T16:34:17+02:00"
"2022/cve-2022-0265.json","2024-04-02T16:34:17+02:00"
"2022/cve-2022-0284.json","2024-04-02T16:34:18+02:00"
"2022/cve-2022-0286.json","2024-04-02T16:34:18+02:00"
"2022/cve-2022-0318.json","2024-04-02T16:34:18+02:00"
"2022/cve-2022-0319.json","2024-04-02T16:34:18+02:00"
"2022/cve-2022-0322.json","2024-04-02T16:34:19+02:00"
"2022/cve-2022-0330.json","2024-04-02T16:34:19+02:00"
"2022/cve-2022-0336.json","2024-04-02T16:34:19+02:00"
"2022/cve-2022-0351.json","2024-04-02T16:34:19+02:00"
"2022/cve-2022-0355.json","2024-04-02T16:34:19+02:00"
"2022/cve-2022-0358.json","2024-04-02T16:34:19+02:00"
"2022/cve-2022-0359.json","2024-04-02T16:34:20+02:00"
"2022/cve-2022-0361.json","2024-04-02T16:34:20+02:00"
"2022/cve-2022-0368.json","2024-04-02T16:34:20+02:00"
"2022/cve-2022-0382.json","2024-04-02T16:34:20+02:00"
"2022/cve-2022-0391.json","2024-04-02T16:34:21+02:00"
"2022/cve-2022-0392.json","2024-04-02T16:34:21+02:00"
"2022/cve-2022-0393.json","2024-04-02T16:34:21+02:00"
"2022/cve-2022-0396.json","2024-04-02T16:34:21+02:00"
"2022/cve-2022-0400.json","2024-04-02T16:34:22+02:00"
"2022/cve-2022-0407.json","2024-04-02T16:34:22+02:00"
"2022/cve-2022-0408.json","2024-04-02T16:34:22+02:00"
"2022/cve-2022-0413.json","2024-04-02T16:34:22+02:00"
"2022/cve-2022-0417.json","2024-04-02T16:34:22+02:00"
"2022/cve-2022-0433.json","2024-04-02T16:34:23+02:00"
"2022/cve-2022-0435.json","2024-04-02T16:34:23+02:00"
"2022/cve-2022-0443.json","2024-04-02T16:34:23+02:00"
"2022/cve-2022-0480.json","2024-04-02T16:34:23+02:00"
"2022/cve-2022-0485.json","2024-04-02T16:34:23+02:00"
"2022/cve-2022-0487.json","2024-04-02T16:34:24+02:00"
"2022/cve-2022-0492.json","2024-04-02T16:34:24+02:00"
"2022/cve-2022-0494.json","2024-04-02T16:34:24+02:00"
"2022/cve-2022-0500.json","2024-04-02T16:34:24+02:00"
"2022/cve-2022-0512.json","2024-04-02T16:34:25+02:00"
"2022/cve-2022-0516.json","2024-04-02T16:34:25+02:00"
"2022/cve-2022-0529.json","2024-04-02T16:34:25+02:00"
"2022/cve-2022-0530.json","2024-04-02T16:34:25+02:00"
"2022/cve-2022-0532.json","2024-04-02T16:34:26+02:00"
"2022/cve-2022-0536.json","2024-04-02T16:34:26+02:00"
"2022/cve-2022-0538.json","2024-04-02T16:34:26+02:00"
"2022/cve-2022-0552.json","2024-04-02T16:34:26+02:00"
"2022/cve-2022-0554.json","2024-04-02T16:34:26+02:00"
"2022/cve-2022-0561.json","2024-04-02T16:34:27+02:00"
"2022/cve-2022-0562.json","2024-04-02T16:34:27+02:00"
"2022/cve-2022-0563.json","2024-04-02T16:34:27+02:00"
"2022/cve-2022-0566.json","2024-04-02T16:34:27+02:00"
"2022/cve-2022-0567.json","2024-04-02T16:34:28+02:00"
"2022/cve-2022-0572.json","2024-04-02T16:34:28+02:00"
"2022/cve-2022-0581.json","2024-04-02T16:34:28+02:00"
"2022/cve-2022-0582.json","2024-04-02T16:34:28+02:00"
"2022/cve-2022-0583.json","2024-04-02T16:34:28+02:00"
"2022/cve-2022-0585.json","2024-04-02T16:34:29+02:00"
"2022/cve-2022-0586.json","2024-04-02T16:34:29+02:00"
"2022/cve-2022-0613.json","2024-04-02T16:34:29+02:00"
"2022/cve-2022-0617.json","2024-04-02T16:34:29+02:00"
"2022/cve-2022-0629.json","2024-04-02T16:34:30+02:00"
"2022/cve-2022-0635.json","2024-04-02T16:34:30+02:00"
"2022/cve-2022-0639.json","2024-04-02T16:34:30+02:00"
"2022/cve-2022-0644.json","2024-04-02T16:34:30+02:00"
"2022/cve-2022-0646.json","2024-04-02T16:34:31+02:00"
"2022/cve-2022-0667.json","2024-04-02T16:34:31+02:00"
"2022/cve-2022-0669.json","2024-04-02T16:34:31+02:00"
"2022/cve-2022-0670.json","2024-04-02T16:34:31+02:00"
"2022/cve-2022-0675.json","2024-04-02T16:34:32+02:00"
"2022/cve-2022-0685.json","2024-04-02T16:34:32+02:00"
"2022/cve-2022-0686.json","2024-04-02T16:34:32+02:00"
"2022/cve-2022-0691.json","2024-04-02T16:34:32+02:00"
"2022/cve-2022-0696.json","2024-04-02T16:34:33+02:00"
"2022/cve-2022-0708.json","2024-04-02T16:34:33+02:00"
"2022/cve-2022-0711.json","2024-04-02T16:34:33+02:00"
"2022/cve-2022-0714.json","2024-04-02T16:34:33+02:00"
"2022/cve-2022-0718.json","2024-04-02T16:34:34+02:00"
"2022/cve-2022-0722.json","2024-04-02T16:34:34+02:00"
"2022/cve-2022-0729.json","2024-04-02T16:34:34+02:00"
"2022/cve-2022-0742.json","2024-04-02T16:34:35+02:00"
"2022/cve-2022-0759.json","2024-04-02T16:34:35+02:00"
"2022/cve-2022-0778.json","2024-04-02T16:34:36+02:00"
"2022/cve-2022-0811.json","2024-04-02T16:34:36+02:00"
"2022/cve-2022-0812.json","2024-04-02T16:34:36+02:00"
"2022/cve-2022-0841.json","2024-04-02T16:34:36+02:00"
"2022/cve-2022-0847.json","2024-04-02T16:34:36+02:00"
"2022/cve-2022-0850.json","2024-04-02T16:34:37+02:00"
"2022/cve-2022-0851.json","2024-04-02T16:34:37+02:00"
"2022/cve-2022-0852.json","2024-04-02T16:34:37+02:00"
"2022/cve-2022-0853.json","2024-04-02T16:34:37+02:00"
"2022/cve-2022-0854.json","2024-04-02T16:34:38+02:00"
"2022/cve-2022-0865.json","2024-04-02T16:34:38+02:00"
"2022/cve-2022-0866.json","2024-04-02T16:34:38+02:00"
"2022/cve-2022-0891.json","2024-04-02T16:34:38+02:00"
"2022/cve-2022-0897.json","2024-04-02T16:34:39+02:00"
"2022/cve-2022-0907.json","2024-04-02T16:34:39+02:00"
"2022/cve-2022-0908.json","2024-04-02T16:34:39+02:00"
"2022/cve-2022-0909.json","2024-04-02T16:34:39+02:00"
"2022/cve-2022-0918.json","2024-04-02T16:34:40+02:00"
"2022/cve-2022-0924.json","2024-04-02T16:34:40+02:00"
"2022/cve-2022-0931.json","2024-04-02T16:34:40+02:00"
"2022/cve-2022-0934.json","2024-04-02T16:34:40+02:00"
"2022/cve-2022-0943.json","2024-04-02T16:34:41+02:00"
"2022/cve-2022-0981.json","2024-04-02T16:34:41+02:00"
"2022/cve-2022-0987.json","2024-04-02T16:34:41+02:00"
"2022/cve-2022-0995.json","2024-04-02T16:34:42+02:00"
"2022/cve-2022-0996.json","2024-04-02T16:34:42+02:00"
"2022/cve-2022-0998.json","2024-04-02T16:34:42+02:00"
"2022/cve-2022-1011.json","2024-04-02T16:34:42+02:00"
"2022/cve-2022-1012.json","2024-04-02T16:34:42+02:00"
"2022/cve-2022-1015.json","2024-04-02T16:34:43+02:00"
"2022/cve-2022-1016.json","2024-04-02T16:34:43+02:00"
"2022/cve-2022-1025.json","2024-04-02T16:34:43+02:00"
"2022/cve-2022-1043.json","2024-04-02T16:34:43+02:00"
"2022/cve-2022-1048.json","2024-04-02T16:34:44+02:00"
"2022/cve-2022-1049.json","2024-04-02T16:34:44+02:00"
"2022/cve-2022-1050.json","2024-04-02T16:34:44+02:00"
"2022/cve-2022-1055.json","2024-04-02T16:34:44+02:00"
"2022/cve-2022-1056.json","2024-04-02T16:34:45+02:00"
"2022/cve-2022-1097.json","2024-04-02T16:34:45+02:00"
"2022/cve-2022-1114.json","2024-04-02T16:34:45+02:00"
"2022/cve-2022-1115.json","2024-04-02T16:34:45+02:00"
"2022/cve-2022-1116.json","2024-04-02T16:34:45+02:00"
"2022/cve-2022-1117.json","2024-04-02T16:34:46+02:00"
"2022/cve-2022-1122.json","2024-04-02T16:34:46+02:00"
"2022/cve-2022-1154.json","2024-04-02T16:34:46+02:00"
"2022/cve-2022-1158.json","2024-04-02T16:34:46+02:00"
"2022/cve-2022-1160.json","2024-04-02T16:34:46+02:00"
"2022/cve-2022-1183.json","2024-04-02T16:34:47+02:00"
"2022/cve-2022-1184.json","2024-04-02T16:34:47+02:00"
"2022/cve-2022-1195.json","2024-04-02T16:34:47+02:00"
"2022/cve-2022-1196.json","2024-04-02T16:34:47+02:00"
"2022/cve-2022-1197.json","2024-04-02T16:34:48+02:00"
"2022/cve-2022-1198.json","2024-04-02T16:34:48+02:00"
"2022/cve-2022-1199.json","2024-04-02T16:34:48+02:00"
"2022/cve-2022-1204.json","2024-04-02T16:34:48+02:00"
"2022/cve-2022-1205.json","2024-04-02T16:34:49+02:00"
"2022/cve-2022-1210.json","2024-04-02T16:34:49+02:00"
"2022/cve-2022-1215.json","2024-04-02T16:34:49+02:00"
"2022/cve-2022-1227.json","2024-04-02T16:34:49+02:00"
"2022/cve-2022-1245.json","2024-04-02T16:34:49+02:00"
"2022/cve-2022-1247.json","2024-04-02T16:34:50+02:00"
"2022/cve-2022-1249.json","2024-04-02T16:34:50+02:00"
"2022/cve-2022-1259.json","2024-04-02T16:34:50+02:00"
"2022/cve-2022-1263.json","2024-04-02T16:34:50+02:00"
"2022/cve-2022-1271.json","2024-04-02T16:34:50+02:00"
"2022/cve-2022-1274.json","2024-04-02T16:34:51+02:00"
"2022/cve-2022-1278.json","2024-04-02T16:34:51+02:00"
"2022/cve-2022-1280.json","2024-04-02T16:34:51+02:00"
"2022/cve-2022-1292.json","2024-04-02T16:34:51+02:00"
"2022/cve-2022-1304.json","2024-04-02T16:34:51+02:00"
"2022/cve-2022-1319.json","2024-04-02T16:34:52+02:00"
"2022/cve-2022-1328.json","2024-04-02T16:34:52+02:00"
"2022/cve-2022-1343.json","2024-04-02T16:34:52+02:00"
"2022/cve-2022-1348.json","2024-04-02T16:34:52+02:00"
"2022/cve-2022-1350.json","2024-04-02T16:34:52+02:00"
"2022/cve-2022-1353.json","2024-04-02T16:34:53+02:00"
"2022/cve-2022-1354.json","2024-04-02T16:34:53+02:00"
"2022/cve-2022-1355.json","2024-04-02T16:34:53+02:00"
"2022/cve-2022-1365.json","2024-04-02T16:34:53+02:00"
"2022/cve-2022-1381.json","2024-04-02T16:34:53+02:00"
"2022/cve-2022-1414.json","2024-04-02T16:34:53+02:00"
"2022/cve-2022-1415.json","2024-04-02T16:34:54+02:00"
"2022/cve-2022-1419.json","2024-04-02T16:34:54+02:00"
"2022/cve-2022-1420.json","2024-04-02T16:34:54+02:00"
"2022/cve-2022-1434.json","2024-04-02T16:34:54+02:00"
"2022/cve-2022-1438.json","2024-04-02T16:34:55+02:00"
"2022/cve-2022-1462.json","2024-04-02T16:34:55+02:00"
"2022/cve-2022-1466.json","2024-04-02T16:34:55+02:00"
"2022/cve-2022-1471.json","2024-04-02T16:34:55+02:00"
"2022/cve-2022-1473.json","2024-04-02T16:34:56+02:00"
"2022/cve-2022-1508.json","2024-04-02T16:34:56+02:00"
"2022/cve-2022-1516.json","2024-04-02T16:34:56+02:00"
"2022/cve-2022-1520.json","2024-04-02T16:34:56+02:00"
"2022/cve-2022-1529.json","2024-04-02T16:34:56+02:00"
"2022/cve-2022-1537.json","2024-04-02T16:34:57+02:00"
"2022/cve-2022-1552.json","2024-04-02T16:34:57+02:00"
"2022/cve-2022-1586.json","2024-04-02T16:34:57+02:00"
"2022/cve-2022-1587.json","2024-04-02T16:34:57+02:00"
"2022/cve-2022-1615.json","2024-04-02T16:34:57+02:00"
"2022/cve-2022-1616.json","2024-04-02T16:34:58+02:00"
"2022/cve-2022-1619.json","2024-04-02T16:34:59+02:00"
"2022/cve-2022-1620.json","2024-04-02T16:34:59+02:00"
"2022/cve-2022-1621.json","2024-04-02T16:34:59+02:00"
"2022/cve-2022-1622.json","2024-04-02T16:34:59+02:00"
"2022/cve-2022-1623.json","2024-04-02T16:34:59+02:00"
"2022/cve-2022-1629.json","2024-04-02T16:35:00+02:00"
"2022/cve-2022-1632.json","2024-04-02T16:35:00+02:00"
"2022/cve-2022-1650.json","2024-04-02T16:35:00+02:00"
"2022/cve-2022-1651.json","2024-04-02T16:35:00+02:00"
"2022/cve-2022-1652.json","2024-04-02T16:35:01+02:00"
"2022/cve-2022-1655.json","2024-04-02T16:35:01+02:00"
"2022/cve-2022-1662.json","2024-04-02T16:35:01+02:00"
"2022/cve-2022-1665.json","2024-04-02T16:35:01+02:00"
"2022/cve-2022-1671.json","2024-04-02T16:35:01+02:00"
"2022/cve-2022-1674.json","2024-04-02T16:35:02+02:00"
"2022/cve-2022-1677.json","2024-04-02T16:35:02+02:00"
"2022/cve-2022-1678.json","2024-04-02T16:35:02+02:00"
"2022/cve-2022-1679.json","2024-04-02T16:35:03+02:00"
"2022/cve-2022-1705.json","2024-04-02T16:35:03+02:00"
"2022/cve-2022-1706.json","2024-04-02T16:35:03+02:00"
"2022/cve-2022-1708.json","2024-04-02T16:35:03+02:00"
"2022/cve-2022-1720.json","2024-04-02T16:35:04+02:00"
"2022/cve-2022-1725.json","2024-04-02T16:35:04+02:00"
"2022/cve-2022-1729.json","2024-04-02T16:35:04+02:00"
"2022/cve-2022-1733.json","2024-04-02T16:35:04+02:00"
"2022/cve-2022-1734.json","2024-04-02T16:35:04+02:00"
"2022/cve-2022-1735.json","2024-04-02T16:35:05+02:00"
"2022/cve-2022-1736.json","2024-04-02T16:35:05+02:00"
"2022/cve-2022-1769.json","2024-04-02T16:35:05+02:00"
"2022/cve-2022-1771.json","2024-04-02T16:35:05+02:00"
"2022/cve-2022-1785.json","2024-04-02T16:35:06+02:00"
"2022/cve-2022-1786.json","2024-04-02T16:35:06+02:00"
"2022/cve-2022-1789.json","2024-04-02T16:35:06+02:00"
"2022/cve-2022-1796.json","2024-04-02T16:35:06+02:00"
"2022/cve-2022-1798.json","2024-04-02T16:35:06+02:00"
"2022/cve-2022-1802.json","2024-04-02T16:35:07+02:00"
"2022/cve-2022-1833.json","2024-04-02T16:35:07+02:00"
"2022/cve-2022-1834.json","2024-04-02T16:35:07+02:00"
"2022/cve-2022-1836.json","2024-04-02T16:35:07+02:00"
"2022/cve-2022-1851.json","2024-04-02T16:35:08+02:00"
"2022/cve-2022-1852.json","2024-04-02T16:35:08+02:00"
"2022/cve-2022-1882.json","2024-04-02T16:35:08+02:00"
"2022/cve-2022-1886.json","2024-04-02T16:35:09+02:00"
"2022/cve-2022-1897.json","2024-04-02T16:35:09+02:00"
"2022/cve-2022-1898.json","2024-04-02T16:35:09+02:00"
"2022/cve-2022-1902.json","2024-04-02T16:35:09+02:00"
"2022/cve-2022-1920.json","2024-04-02T16:35:10+02:00"
"2022/cve-2022-1921.json","2024-04-02T16:35:10+02:00"
"2022/cve-2022-1922.json","2024-04-02T16:35:10+02:00"
"2022/cve-2022-1923.json","2024-04-02T16:35:10+02:00"
"2022/cve-2022-1924.json","2024-04-02T16:35:10+02:00"
"2022/cve-2022-1925.json","2024-04-02T16:35:11+02:00"
"2022/cve-2022-1927.json","2024-04-02T16:35:11+02:00"
"2022/cve-2022-1942.json","2024-04-02T16:35:11+02:00"
"2022/cve-2022-1943.json","2024-04-02T16:35:11+02:00"
"2022/cve-2022-1949.json","2024-04-02T16:35:12+02:00"
"2022/cve-2022-1955.json","2024-04-02T16:35:12+02:00"
"2022/cve-2022-1962.json","2024-04-02T16:35:12+02:00"
"2022/cve-2022-1966.json","2024-04-02T16:35:12+02:00"
"2022/cve-2022-1968.json","2024-04-02T16:35:13+02:00"
"2022/cve-2022-1970.json","2024-04-02T16:35:13+02:00"
"2022/cve-2022-1972.json","2024-04-02T16:35:13+02:00"
"2022/cve-2022-1973.json","2024-04-02T16:35:13+02:00"
"2022/cve-2022-1974.json","2024-04-02T16:35:14+02:00"
"2022/cve-2022-1975.json","2024-04-02T16:35:14+02:00"
"2022/cve-2022-1976.json","2024-04-02T16:35:14+02:00"
"2022/cve-2022-1996.json","2024-04-02T16:35:14+02:00"
"2022/cve-2022-1998.json","2024-04-02T16:35:14+02:00"
"2022/cve-2022-2000.json","2024-04-02T16:35:15+02:00"
"2022/cve-2022-20132.json","2024-04-02T16:35:15+02:00"
"2022/cve-2022-20141.json","2024-04-02T16:35:15+02:00"
"2022/cve-2022-20148.json","2024-04-02T16:35:16+02:00"
"2022/cve-2022-20153.json","2024-04-02T16:35:16+02:00"
"2022/cve-2022-20154.json","2024-04-02T16:35:16+02:00"
"2022/cve-2022-20166.json","2024-04-02T16:35:16+02:00"
"2022/cve-2022-2031.json","2024-04-02T16:35:16+02:00"
"2022/cve-2022-20368.json","2024-04-02T16:35:17+02:00"
"2022/cve-2022-20369.json","2024-04-02T16:35:17+02:00"
"2022/cve-2022-2042.json","2024-04-02T16:35:17+02:00"
"2022/cve-2022-20421.json","2024-04-02T16:35:17+02:00"
"2022/cve-2022-2047.json","2024-04-02T16:35:18+02:00"
"2022/cve-2022-2048.json","2024-04-02T16:35:18+02:00"
"2022/cve-2022-2053.json","2024-04-02T16:35:18+02:00"
"2022/cve-2022-2056.json","2024-04-02T16:35:18+02:00"
"2022/cve-2022-20566.json","2024-04-02T16:35:19+02:00"
"2022/cve-2022-20567.json","2024-04-02T16:35:19+02:00"
"2022/cve-2022-2057.json","2024-04-02T16:35:19+02:00"
"2022/cve-2022-20572.json","2024-04-02T16:35:19+02:00"
"2022/cve-2022-2058.json","2024-04-02T16:35:20+02:00"
"2022/cve-2022-20612.json","2024-04-02T16:35:20+02:00"
"2022/cve-2022-20613.json","2024-04-02T16:35:20+02:00"
"2022/cve-2022-20614.json","2024-04-02T16:35:20+02:00"
"2022/cve-2022-20615.json","2024-04-02T16:35:20+02:00"
"2022/cve-2022-20616.json","2024-04-02T16:35:21+02:00"
"2022/cve-2022-20617.json","2024-04-02T16:35:21+02:00"
"2022/cve-2022-20618.json","2024-04-02T16:35:21+02:00"
"2022/cve-2022-20619.json","2024-04-02T16:35:21+02:00"
"2022/cve-2022-20621.json","2024-04-02T16:35:21+02:00"
"2022/cve-2022-2068.json","2024-04-02T16:35:21+02:00"
"2022/cve-2022-2078.json","2024-04-02T16:35:22+02:00"
"2022/cve-2022-2084.json","2024-04-02T16:35:22+02:00"
"2022/cve-2022-2085.json","2024-04-02T16:35:22+02:00"
"2022/cve-2022-2097.json","2024-04-02T16:35:22+02:00"
"2022/cve-2022-21123.json","2024-04-02T16:35:23+02:00"
"2022/cve-2022-21125.json","2024-04-02T16:35:23+02:00"
"2022/cve-2022-21127.json","2024-04-02T16:35:24+02:00"
"2022/cve-2022-21131.json","2024-04-02T16:35:24+02:00"
"2022/cve-2022-21136.json","2024-04-02T16:35:24+02:00"
"2022/cve-2022-21151.json","2024-04-02T16:35:24+02:00"
"2022/cve-2022-21166.json","2024-04-02T16:35:24+02:00"
"2022/cve-2022-21190.json","2024-04-02T16:35:25+02:00"
"2022/cve-2022-21191.json","2024-04-02T16:35:25+02:00"
"2022/cve-2022-21216.json","2024-04-02T16:35:25+02:00"
"2022/cve-2022-2122.json","2024-04-02T16:35:26+02:00"
"2022/cve-2022-21222.json","2024-04-02T16:35:26+02:00"
"2022/cve-2022-21227.json","2024-04-02T16:35:26+02:00"
"2022/cve-2022-21233.json","2024-04-02T16:35:26+02:00"
"2022/cve-2022-21235.json","2024-04-02T16:35:27+02:00"
"2022/cve-2022-2124.json","2024-04-02T16:35:27+02:00"
"2022/cve-2022-21245.json","2024-04-02T16:35:27+02:00"
"2022/cve-2022-21248.json","2024-04-02T16:35:28+02:00"
"2022/cve-2022-21249.json","2024-04-02T16:35:28+02:00"
"2022/cve-2022-2125.json","2024-04-02T16:35:28+02:00"
"2022/cve-2022-21253.json","2024-04-02T16:35:29+02:00"
"2022/cve-2022-21254.json","2024-04-02T16:35:29+02:00"
"2022/cve-2022-21256.json","2024-04-02T16:35:29+02:00"
"2022/cve-2022-2126.json","2024-04-02T16:35:29+02:00"
"2022/cve-2022-21264.json","2024-04-02T16:35:30+02:00"
"2022/cve-2022-21265.json","2024-04-02T16:35:30+02:00"
"2022/cve-2022-2127.json","2024-04-02T16:35:30+02:00"
"2022/cve-2022-21270.json","2024-04-02T16:35:30+02:00"
"2022/cve-2022-21277.json","2024-04-02T16:35:31+02:00"
"2022/cve-2022-21278.json","2024-04-02T16:35:31+02:00"
"2022/cve-2022-21282.json","2024-04-02T16:35:31+02:00"
"2022/cve-2022-21283.json","2024-04-02T16:35:31+02:00"
"2022/cve-2022-2129.json","2024-04-02T16:35:31+02:00"
"2022/cve-2022-21291.json","2024-04-02T16:35:32+02:00"
"2022/cve-2022-21293.json","2024-04-02T16:35:32+02:00"
"2022/cve-2022-21294.json","2024-04-02T16:35:32+02:00"
"2022/cve-2022-21296.json","2024-04-02T16:35:32+02:00"
"2022/cve-2022-21297.json","2024-04-02T16:35:33+02:00"
"2022/cve-2022-21299.json","2024-04-02T16:35:33+02:00"
"2022/cve-2022-21301.json","2024-04-02T16:35:33+02:00"
"2022/cve-2022-21302.json","2024-04-02T16:35:34+02:00"
"2022/cve-2022-21303.json","2024-04-02T16:35:34+02:00"
"2022/cve-2022-21304.json","2024-04-02T16:35:34+02:00"
"2022/cve-2022-21305.json","2024-04-02T16:35:34+02:00"
"2022/cve-2022-2132.json","2024-04-02T16:35:34+02:00"
"2022/cve-2022-21339.json","2024-04-02T16:35:35+02:00"
"2022/cve-2022-21340.json","2024-04-02T16:35:35+02:00"
"2022/cve-2022-21341.json","2024-04-02T16:35:35+02:00"
"2022/cve-2022-21342.json","2024-04-02T16:35:35+02:00"
"2022/cve-2022-21344.json","2024-04-02T16:35:35+02:00"
"2022/cve-2022-21348.json","2024-04-02T16:35:36+02:00"
"2022/cve-2022-21349.json","2024-04-02T16:35:36+02:00"
"2022/cve-2022-21351.json","2024-04-02T16:35:36+02:00"
"2022/cve-2022-21352.json","2024-04-02T16:35:37+02:00"
"2022/cve-2022-21358.json","2024-04-02T16:35:37+02:00"
"2022/cve-2022-21360.json","2024-04-02T16:35:37+02:00"
"2022/cve-2022-21362.json","2024-04-02T16:35:37+02:00"
"2022/cve-2022-21363.json","2024-04-02T16:35:38+02:00"
"2022/cve-2022-21365.json","2024-04-02T16:35:38+02:00"
"2022/cve-2022-21366.json","2024-04-02T16:35:38+02:00"
"2022/cve-2022-21367.json","2024-04-02T16:35:38+02:00"
"2022/cve-2022-21368.json","2024-04-02T16:35:39+02:00"
"2022/cve-2022-21370.json","2024-04-02T16:35:39+02:00"
"2022/cve-2022-21372.json","2024-04-02T16:35:39+02:00"
"2022/cve-2022-21374.json","2024-04-02T16:35:39+02:00"
"2022/cve-2022-21378.json","2024-04-02T16:35:40+02:00"
"2022/cve-2022-21379.json","2024-04-02T16:35:40+02:00"
"2022/cve-2022-21412.json","2024-04-02T16:35:40+02:00"
"2022/cve-2022-21413.json","2024-04-02T16:35:40+02:00"
"2022/cve-2022-21414.json","2024-04-02T16:35:41+02:00"
"2022/cve-2022-21415.json","2024-04-02T16:35:41+02:00"
"2022/cve-2022-21417.json","2024-04-02T16:35:42+02:00"
"2022/cve-2022-21418.json","2024-04-02T16:35:42+02:00"
"2022/cve-2022-21423.json","2024-04-02T16:35:42+02:00"
"2022/cve-2022-21425.json","2024-04-02T16:35:42+02:00"
"2022/cve-2022-21426.json","2024-04-02T16:35:43+02:00"
"2022/cve-2022-21427.json","2024-04-02T16:35:43+02:00"
"2022/cve-2022-21434.json","2024-04-02T16:35:43+02:00"
"2022/cve-2022-21435.json","2024-04-02T16:35:43+02:00"
"2022/cve-2022-21436.json","2024-04-02T16:35:44+02:00"
"2022/cve-2022-21437.json","2024-04-02T16:35:44+02:00"
"2022/cve-2022-21438.json","2024-04-02T16:35:44+02:00"
"2022/cve-2022-21440.json","2024-04-02T16:35:44+02:00"
"2022/cve-2022-21443.json","2024-04-02T16:35:44+02:00"
"2022/cve-2022-21444.json","2024-04-02T16:35:45+02:00"
"2022/cve-2022-21449.json","2024-04-02T16:35:45+02:00"
"2022/cve-2022-21451.json","2024-04-02T16:35:45+02:00"
"2022/cve-2022-21452.json","2024-04-02T16:35:45+02:00"
"2022/cve-2022-21454.json","2024-04-02T16:35:46+02:00"
"2022/cve-2022-21455.json","2024-04-02T16:35:46+02:00"
"2022/cve-2022-21457.json","2024-04-02T16:35:46+02:00"
"2022/cve-2022-21459.json","2024-04-02T16:35:46+02:00"
"2022/cve-2022-21460.json","2024-04-02T16:35:47+02:00"
"2022/cve-2022-21462.json","2024-04-02T16:35:47+02:00"
"2022/cve-2022-21476.json","2024-04-02T16:35:47+02:00"
"2022/cve-2022-21478.json","2024-04-02T16:35:48+02:00"
"2022/cve-2022-21479.json","2024-04-02T16:35:48+02:00"
"2022/cve-2022-21496.json","2024-04-02T16:35:48+02:00"
"2022/cve-2022-21499.json","2024-04-02T16:35:48+02:00"
"2022/cve-2022-21505.json","2024-04-02T16:35:48+02:00"
"2022/cve-2022-21509.json","2024-04-02T16:35:48+02:00"
"2022/cve-2022-21515.json","2024-04-02T16:35:49+02:00"
"2022/cve-2022-21517.json","2024-04-02T16:35:49+02:00"
"2022/cve-2022-21522.json","2024-04-02T16:35:49+02:00"
"2022/cve-2022-21525.json","2024-04-02T16:35:49+02:00"
"2022/cve-2022-21526.json","2024-04-02T16:35:50+02:00"
"2022/cve-2022-21527.json","2024-04-02T16:35:50+02:00"
"2022/cve-2022-21528.json","2024-04-02T16:35:50+02:00"
"2022/cve-2022-21529.json","2024-04-02T16:35:51+02:00"
"2022/cve-2022-2153.json","2024-04-02T16:35:51+02:00"
"2022/cve-2022-21530.json","2024-04-02T16:35:51+02:00"
"2022/cve-2022-21531.json","2024-04-02T16:35:52+02:00"
"2022/cve-2022-21534.json","2024-04-02T16:35:52+02:00"
"2022/cve-2022-21537.json","2024-04-02T16:35:52+02:00"
"2022/cve-2022-21538.json","2024-04-02T16:35:52+02:00"
"2022/cve-2022-21539.json","2024-04-02T16:35:53+02:00"
"2022/cve-2022-21540.json","2024-04-02T16:35:53+02:00"
"2022/cve-2022-21541.json","2024-04-02T16:35:54+02:00"
"2022/cve-2022-21547.json","2024-04-02T16:35:54+02:00"
"2022/cve-2022-21549.json","2024-04-02T16:35:54+02:00"
"2022/cve-2022-21553.json","2024-04-02T16:35:54+02:00"
"2022/cve-2022-21556.json","2024-04-02T16:35:54+02:00"
"2022/cve-2022-21569.json","2024-04-02T16:35:55+02:00"
"2022/cve-2022-21589.json","2024-04-02T16:35:55+02:00"
"2022/cve-2022-21592.json","2024-04-02T16:35:55+02:00"
"2022/cve-2022-21594.json","2024-04-02T16:35:55+02:00"
"2022/cve-2022-21595.json","2024-04-02T16:35:56+02:00"
"2022/cve-2022-21599.json","2024-04-02T16:35:56+02:00"
"2022/cve-2022-21600.json","2024-04-02T16:35:56+02:00"
"2022/cve-2022-21604.json","2024-04-02T16:35:56+02:00"
"2022/cve-2022-21605.json","2024-04-02T16:35:57+02:00"
"2022/cve-2022-21607.json","2024-04-02T16:35:57+02:00"
"2022/cve-2022-21608.json","2024-04-02T16:35:57+02:00"
"2022/cve-2022-21611.json","2024-04-02T16:35:57+02:00"
"2022/cve-2022-21617.json","2024-04-02T16:35:57+02:00"
"2022/cve-2022-21618.json","2024-04-02T16:35:58+02:00"
"2022/cve-2022-21619.json","2024-04-02T16:35:58+02:00"
"2022/cve-2022-21624.json","2024-04-02T16:35:58+02:00"
"2022/cve-2022-21625.json","2024-04-02T16:35:58+02:00"
"2022/cve-2022-21626.json","2024-04-02T16:35:58+02:00"
"2022/cve-2022-21628.json","2024-04-02T16:35:59+02:00"
"2022/cve-2022-21632.json","2024-04-02T16:35:59+02:00"
"2022/cve-2022-21633.json","2024-04-02T16:35:59+02:00"
"2022/cve-2022-21635.json","2024-04-02T16:35:59+02:00"
"2022/cve-2022-21637.json","2024-04-02T16:36:00+02:00"
"2022/cve-2022-21638.json","2024-04-02T16:36:00+02:00"
"2022/cve-2022-21640.json","2024-04-02T16:36:00+02:00"
"2022/cve-2022-21641.json","2024-04-02T16:36:00+02:00"
"2022/cve-2022-21654.json","2024-04-02T16:36:01+02:00"
"2022/cve-2022-21655.json","2024-04-02T16:36:01+02:00"
"2022/cve-2022-21656.json","2024-04-02T16:36:01+02:00"
"2022/cve-2022-21657.json","2024-04-02T16:36:02+02:00"
"2022/cve-2022-21658.json","2024-04-02T16:36:02+02:00"
"2022/cve-2022-21673.json","2024-04-02T16:36:02+02:00"
"2022/cve-2022-21679.json","2024-04-02T16:36:02+02:00"
"2022/cve-2022-21680.json","2024-04-02T16:36:02+02:00"
"2022/cve-2022-21681.json","2024-04-02T16:36:03+02:00"
"2022/cve-2022-21682.json","2024-04-02T16:36:03+02:00"
"2022/cve-2022-21698.json","2024-04-02T16:36:04+02:00"
"2022/cve-2022-21701.json","2024-04-02T16:36:04+02:00"
"2022/cve-2022-21702.json","2024-04-02T16:36:04+02:00"
"2022/cve-2022-21703.json","2024-04-02T16:36:05+02:00"
"2022/cve-2022-21708.json","2024-04-02T16:36:05+02:00"
"2022/cve-2022-21712.json","2024-04-02T16:36:05+02:00"
"2022/cve-2022-21713.json","2024-04-02T16:36:05+02:00"
"2022/cve-2022-21716.json","2024-04-02T16:36:06+02:00"
"2022/cve-2022-21724.json","2024-04-02T16:36:06+02:00"
"2022/cve-2022-2175.json","2024-04-02T16:36:06+02:00"
"2022/cve-2022-21803.json","2024-04-02T16:36:06+02:00"
"2022/cve-2022-2182.json","2024-04-02T16:36:06+02:00"
"2022/cve-2022-21824.json","2024-04-02T16:36:07+02:00"
"2022/cve-2022-2183.json","2024-04-02T16:36:07+02:00"
"2022/cve-2022-21831.json","2024-04-02T16:36:07+02:00"
"2022/cve-2022-2191.json","2024-04-02T16:36:07+02:00"
"2022/cve-2022-2196.json","2024-04-02T16:36:08+02:00"
"2022/cve-2022-21986.json","2024-04-02T16:36:08+02:00"
"2022/cve-2022-2200.json","2024-04-02T16:36:08+02:00"
"2022/cve-2022-2206.json","2024-04-02T16:36:08+02:00"
"2022/cve-2022-2207.json","2024-04-02T16:36:08+02:00"
"2022/cve-2022-2208.json","2024-04-02T16:36:08+02:00"
"2022/cve-2022-2210.json","2024-04-02T16:36:09+02:00"
"2022/cve-2022-2211.json","2024-04-02T16:36:09+02:00"
"2022/cve-2022-22143.json","2024-04-02T16:36:09+02:00"
"2022/cve-2022-2217.json","2024-04-02T16:36:09+02:00"
"2022/cve-2022-2220.json","2024-04-02T16:36:10+02:00"
"2022/cve-2022-2226.json","2024-04-02T16:36:10+02:00"
"2022/cve-2022-2231.json","2024-04-02T16:36:10+02:00"
"2022/cve-2022-2232.json","2024-04-02T16:36:10+02:00"
"2022/cve-2022-2237.json","2024-04-02T16:36:10+02:00"
"2022/cve-2022-2238.json","2024-04-02T16:36:11+02:00"
"2022/cve-2022-2255.json","2024-04-02T16:36:11+02:00"
"2022/cve-2022-2256.json","2024-04-02T16:36:11+02:00"
"2022/cve-2022-2257.json","2024-04-02T16:36:11+02:00"
"2022/cve-2022-22576.json","2024-04-02T16:36:11+02:00"
"2022/cve-2022-22577.json","2024-04-02T16:36:12+02:00"
"2022/cve-2022-22589.json","2024-04-02T16:36:12+02:00"
"2022/cve-2022-22590.json","2024-04-02T16:36:12+02:00"
"2022/cve-2022-22592.json","2024-04-02T16:36:12+02:00"
"2022/cve-2022-22594.json","2024-04-02T16:36:13+02:00"
"2022/cve-2022-22620.json","2024-04-02T16:36:13+02:00"
"2022/cve-2022-22624.json","2024-04-02T16:36:13+02:00"
"2022/cve-2022-22628.json","2024-04-02T16:36:13+02:00"
"2022/cve-2022-22629.json","2024-04-02T16:36:14+02:00"
"2022/cve-2022-22637.json","2024-04-02T16:36:14+02:00"
"2022/cve-2022-2264.json","2024-04-02T16:36:14+02:00"
"2022/cve-2022-22662.json","2024-04-02T16:36:15+02:00"
"2022/cve-2022-22677.json","2024-04-02T16:36:15+02:00"
"2022/cve-2022-22719.json","2024-04-02T16:36:15+02:00"
"2022/cve-2022-22720.json","2024-04-02T16:36:15+02:00"
"2022/cve-2022-22721.json","2024-04-02T16:36:15+02:00"
"2022/cve-2022-22737.json","2024-04-02T16:36:16+02:00"
"2022/cve-2022-22738.json","2024-04-02T16:36:16+02:00"
"2022/cve-2022-22739.json","2024-04-02T16:36:16+02:00"
"2022/cve-2022-2274.json","2024-04-02T16:36:16+02:00"
"2022/cve-2022-22740.json","2024-04-02T16:36:16+02:00"
"2022/cve-2022-22741.json","2024-04-02T16:36:17+02:00"
"2022/cve-2022-22742.json","2024-04-02T16:36:17+02:00"
"2022/cve-2022-22743.json","2024-04-02T16:36:17+02:00"
"2022/cve-2022-22744.json","2024-04-02T16:36:17+02:00"
"2022/cve-2022-22745.json","2024-04-02T16:36:18+02:00"
"2022/cve-2022-22746.json","2024-04-02T16:36:18+02:00"
"2022/cve-2022-22748.json","2024-04-02T16:36:19+02:00"
"2022/cve-2022-22751.json","2024-04-02T16:36:19+02:00"
"2022/cve-2022-22753.json","2024-04-02T16:36:19+02:00"
"2022/cve-2022-22754.json","2024-04-02T16:36:20+02:00"
"2022/cve-2022-22756.json","2024-04-02T16:36:20+02:00"
"2022/cve-2022-22759.json","2024-04-02T16:36:20+02:00"
"2022/cve-2022-22760.json","2024-04-02T16:36:21+02:00"
"2022/cve-2022-22761.json","2024-04-02T16:36:21+02:00"
"2022/cve-2022-22763.json","2024-04-02T16:36:21+02:00"
"2022/cve-2022-22764.json","2024-04-02T16:36:21+02:00"
"2022/cve-2022-22815.json","2024-04-02T16:36:22+02:00"
"2022/cve-2022-22816.json","2024-04-02T16:36:22+02:00"
"2022/cve-2022-22817.json","2024-04-02T16:36:22+02:00"
"2022/cve-2022-22818.json","2024-04-02T16:36:23+02:00"
"2022/cve-2022-22822.json","2024-04-02T16:36:23+02:00"
"2022/cve-2022-22823.json","2024-04-02T16:36:23+02:00"
"2022/cve-2022-22824.json","2024-04-02T16:36:24+02:00"
"2022/cve-2022-22825.json","2024-04-02T16:36:24+02:00"
"2022/cve-2022-22827.json","2024-04-02T16:36:25+02:00"
"2022/cve-2022-2284.json","2024-04-02T16:36:25+02:00"
"2022/cve-2022-22844.json","2024-04-02T16:36:25+02:00"
"2022/cve-2022-2285.json","2024-04-02T16:36:25+02:00"
"2022/cve-2022-2286.json","2024-04-02T16:36:26+02:00"
"2022/cve-2022-2287.json","2024-04-02T16:36:26+02:00"
"2022/cve-2022-2288.json","2024-04-02T16:36:26+02:00"
"2022/cve-2022-2289.json","2024-04-02T16:36:26+02:00"
"2022/cve-2022-22932.json","2024-04-02T16:36:26+02:00"
"2022/cve-2022-22942.json","2024-04-02T16:36:27+02:00"
"2022/cve-2022-22950.json","2024-04-02T16:36:27+02:00"
"2022/cve-2022-22963.json","2024-04-02T16:36:28+02:00"
"2022/cve-2022-22965.json","2024-04-02T16:36:28+02:00"
"2022/cve-2022-22968.json","2024-04-02T16:36:28+02:00"
"2022/cve-2022-22970.json","2024-04-02T16:36:28+02:00"
"2022/cve-2022-22971.json","2024-04-02T16:36:29+02:00"
"2022/cve-2022-22976.json","2024-04-02T16:36:29+02:00"
"2022/cve-2022-22978.json","2024-04-02T16:36:29+02:00"
"2022/cve-2022-22980.json","2024-04-02T16:36:29+02:00"
"2022/cve-2022-22984.json","2024-04-02T16:36:30+02:00"
"2022/cve-2022-23033.json","2024-04-02T16:36:30+02:00"
"2022/cve-2022-23034.json","2024-04-02T16:36:30+02:00"
"2022/cve-2022-23035.json","2024-04-02T16:36:30+02:00"
"2022/cve-2022-2304.json","2024-04-02T16:36:31+02:00"
"2022/cve-2022-2308.json","2024-04-02T16:36:31+02:00"
"2022/cve-2022-2309.json","2024-04-02T16:36:31+02:00"
"2022/cve-2022-23094.json","2024-04-02T16:36:31+02:00"
"2022/cve-2022-23106.json","2024-04-02T16:36:31+02:00"
"2022/cve-2022-2318.json","2024-04-02T16:36:32+02:00"
"2022/cve-2022-23181.json","2024-04-02T16:36:32+02:00"
"2022/cve-2022-2319.json","2024-04-02T16:36:32+02:00"
"2022/cve-2022-2320.json","2024-04-02T16:36:32+02:00"
"2022/cve-2022-23218.json","2024-04-02T16:36:33+02:00"
"2022/cve-2022-23219.json","2024-04-02T16:36:33+02:00"
"2022/cve-2022-23221.json","2024-04-02T16:36:33+02:00"
"2022/cve-2022-23222.json","2024-04-02T16:36:34+02:00"
"2022/cve-2022-23267.json","2024-04-02T16:36:34+02:00"
"2022/cve-2022-23302.json","2024-04-02T16:36:34+02:00"
"2022/cve-2022-23303.json","2024-04-02T16:36:34+02:00"
"2022/cve-2022-23304.json","2024-04-02T16:36:34+02:00"
"2022/cve-2022-23305.json","2024-04-02T16:36:35+02:00"
"2022/cve-2022-23307.json","2024-04-02T16:36:35+02:00"
"2022/cve-2022-23308.json","2024-04-02T16:36:35+02:00"
"2022/cve-2022-2343.json","2024-04-02T16:36:35+02:00"
"2022/cve-2022-23437.json","2024-04-02T16:36:35+02:00"
"2022/cve-2022-2344.json","2024-04-02T16:36:36+02:00"
"2022/cve-2022-2345.json","2024-04-02T16:36:36+02:00"
"2022/cve-2022-23451.json","2024-04-02T16:36:36+02:00"
"2022/cve-2022-23452.json","2024-04-02T16:36:36+02:00"
"2022/cve-2022-23476.json","2024-04-02T16:36:37+02:00"
"2022/cve-2022-23491.json","2024-04-02T16:36:37+02:00"
"2022/cve-2022-23498.json","2024-04-02T16:36:37+02:00"
"2022/cve-2022-23514.json","2024-04-02T16:36:37+02:00"
"2022/cve-2022-23515.json","2024-04-02T16:36:37+02:00"
"2022/cve-2022-23516.json","2024-04-02T16:36:38+02:00"
"2022/cve-2022-23517.json","2024-04-02T16:36:38+02:00"
"2022/cve-2022-23518.json","2024-04-02T16:36:38+02:00"
"2022/cve-2022-23519.json","2024-04-02T16:36:39+02:00"
"2022/cve-2022-23520.json","2024-04-02T16:36:39+02:00"
"2022/cve-2022-23521.json","2024-04-02T16:36:39+02:00"
"2022/cve-2022-23524.json","2024-04-02T16:36:40+02:00"
"2022/cve-2022-23525.json","2024-04-02T16:36:40+02:00"
"2022/cve-2022-23526.json","2024-04-02T16:36:40+02:00"
"2022/cve-2022-23527.json","2024-04-02T16:36:41+02:00"
"2022/cve-2022-23529.json","2024-04-02T16:36:41+02:00"
"2022/cve-2022-23536.json","2024-04-02T16:36:41+02:00"
"2022/cve-2022-23539.json","2024-04-02T16:36:41+02:00"
"2022/cve-2022-23540.json","2024-04-02T16:36:42+02:00"
"2022/cve-2022-23541.json","2024-04-02T16:36:42+02:00"
"2022/cve-2022-23551.json","2024-04-02T16:36:42+02:00"
"2022/cve-2022-23552.json","2024-04-02T16:36:42+02:00"
"2022/cve-2022-23596.json","2024-04-02T16:36:42+02:00"
"2022/cve-2022-23599.json","2024-04-02T16:36:43+02:00"
"2022/cve-2022-23606.json","2024-04-02T16:36:43+02:00"
"2022/cve-2022-23633.json","2024-04-02T16:36:43+02:00"
"2022/cve-2022-23634.json","2024-04-02T16:36:43+02:00"
"2022/cve-2022-23635.json","2024-04-02T16:36:43+02:00"
"2022/cve-2022-23645.json","2024-04-02T16:36:44+02:00"
"2022/cve-2022-23647.json","2024-04-02T16:36:44+02:00"
"2022/cve-2022-23648.json","2024-04-02T16:36:44+02:00"
"2022/cve-2022-23707.json","2024-04-02T16:36:44+02:00"
"2022/cve-2022-23708.json","2024-04-02T16:36:44+02:00"
"2022/cve-2022-23709.json","2024-04-02T16:36:45+02:00"
"2022/cve-2022-23710.json","2024-04-02T16:36:45+02:00"
"2022/cve-2022-23711.json","2024-04-02T16:36:45+02:00"
"2022/cve-2022-23712.json","2024-04-02T16:36:45+02:00"
"2022/cve-2022-23713.json","2024-04-02T16:36:45+02:00"
"2022/cve-2022-23772.json","2024-04-02T16:36:45+02:00"
"2022/cve-2022-23773.json","2024-04-02T16:36:46+02:00"
"2022/cve-2022-2380.json","2024-04-02T16:36:46+02:00"
"2022/cve-2022-23806.json","2024-04-02T16:36:46+02:00"
"2022/cve-2022-23813.json","2024-04-02T16:36:47+02:00"
"2022/cve-2022-23814.json","2024-04-02T16:36:47+02:00"
"2022/cve-2022-23816.json","2024-04-02T16:36:47+02:00"
"2022/cve-2022-23823.json","2024-04-02T16:36:47+02:00"
"2022/cve-2022-23824.json","2024-04-02T16:36:48+02:00"
"2022/cve-2022-23825.json","2024-04-02T16:36:48+02:00"
"2022/cve-2022-23833.json","2024-04-02T16:36:48+02:00"
"2022/cve-2022-23837.json","2024-04-02T16:36:49+02:00"
"2022/cve-2022-2385.json","2024-04-02T16:36:49+02:00"
"2022/cve-2022-23852.json","2024-04-02T16:36:49+02:00"
"2022/cve-2022-23913.json","2024-04-02T16:36:49+02:00"
"2022/cve-2022-2393.json","2024-04-02T16:36:50+02:00"
"2022/cve-2022-23943.json","2024-04-02T16:36:50+02:00"
"2022/cve-2022-23959.json","2024-04-02T16:36:50+02:00"
"2022/cve-2022-23960.json","2024-04-02T16:36:50+02:00"
"2022/cve-2022-23990.json","2024-04-02T16:36:51+02:00"
"2022/cve-2022-2403.json","2024-04-02T16:36:51+02:00"
"2022/cve-2022-24048.json","2024-04-02T16:36:51+02:00"
"2022/cve-2022-24050.json","2024-04-02T16:36:51+02:00"
"2022/cve-2022-24051.json","2024-04-02T16:36:52+02:00"
"2022/cve-2022-24052.json","2024-04-02T16:36:52+02:00"
"2022/cve-2022-24070.json","2024-04-02T16:36:52+02:00"
"2022/cve-2022-24122.json","2024-04-02T16:36:52+02:00"
"2022/cve-2022-24130.json","2024-04-02T16:36:52+02:00"
"2022/cve-2022-2414.json","2024-04-02T16:36:53+02:00"
"2022/cve-2022-24272.json","2024-04-02T16:36:53+02:00"
"2022/cve-2022-24302.json","2024-04-02T16:36:53+02:00"
"2022/cve-2022-24303.json","2024-04-02T16:36:53+02:00"
"2022/cve-2022-24329.json","2024-04-02T16:36:53+02:00"
"2022/cve-2022-24348.json","2024-04-02T16:36:54+02:00"
"2022/cve-2022-24407.json","2024-04-02T16:36:54+02:00"
"2022/cve-2022-24434.json","2024-04-02T16:36:54+02:00"
"2022/cve-2022-24436.json","2024-04-02T16:36:54+02:00"
"2022/cve-2022-24439.json","2024-04-02T16:36:55+02:00"
"2022/cve-2022-24448.json","2024-04-02T16:36:55+02:00"
"2022/cve-2022-24450.json","2024-04-02T16:36:55+02:00"
"2022/cve-2022-24464.json","2024-04-02T16:36:55+02:00"
"2022/cve-2022-2447.json","2024-04-02T16:36:55+02:00"
"2022/cve-2022-24512.json","2024-04-02T16:36:56+02:00"
"2022/cve-2022-2457.json","2024-04-02T16:36:56+02:00"
"2022/cve-2022-2458.json","2024-04-02T16:36:57+02:00"
"2022/cve-2022-24599.json","2024-04-02T16:36:58+02:00"
"2022/cve-2022-24613.json","2024-04-02T16:36:59+02:00"
"2022/cve-2022-24614.json","2024-04-02T16:36:59+02:00"
"2022/cve-2022-24615.json","2024-04-02T16:36:59+02:00"
"2022/cve-2022-2466.json","2024-04-02T16:37:00+02:00"
"2022/cve-2022-24675.json","2024-04-02T16:37:00+02:00"
"2022/cve-2022-24713.json","2024-04-02T16:37:00+02:00"
"2022/cve-2022-24721.json","2024-04-02T16:37:00+02:00"
"2022/cve-2022-24723.json","2024-04-02T16:37:01+02:00"
"2022/cve-2022-24724.json","2024-04-02T16:37:01+02:00"
"2022/cve-2022-24726.json","2024-04-02T16:37:01+02:00"
"2022/cve-2022-24730.json","2024-04-02T16:37:01+02:00"
"2022/cve-2022-24731.json","2024-04-02T16:37:02+02:00"
"2022/cve-2022-24735.json","2024-04-02T16:37:02+02:00"
"2022/cve-2022-24736.json","2024-04-02T16:37:02+02:00"
"2022/cve-2022-2476.json","2024-04-02T16:37:02+02:00"
"2022/cve-2022-24761.json","2024-04-02T16:37:03+02:00"
"2022/cve-2022-24765.json","2024-04-02T16:37:03+02:00"
"2022/cve-2022-24769.json","2024-04-02T16:37:03+02:00"
"2022/cve-2022-24771.json","2024-04-02T16:37:03+02:00"
"2022/cve-2022-24772.json","2024-04-02T16:37:03+02:00"
"2022/cve-2022-24773.json","2024-04-02T16:37:04+02:00"
"2022/cve-2022-24778.json","2024-04-02T16:37:04+02:00"
"2022/cve-2022-24785.json","2024-04-02T16:37:04+02:00"
"2022/cve-2022-24790.json","2024-04-02T16:37:04+02:00"
"2022/cve-2022-24795.json","2024-04-02T16:37:04+02:00"
"2022/cve-2022-24801.json","2024-04-02T16:37:05+02:00"
"2022/cve-2022-24805.json","2024-04-02T16:37:05+02:00"
"2022/cve-2022-24806.json","2024-04-02T16:37:05+02:00"
"2022/cve-2022-24807.json","2024-04-02T16:37:05+02:00"
"2022/cve-2022-24808.json","2024-04-02T16:37:06+02:00"
"2022/cve-2022-24809.json","2024-04-02T16:37:06+02:00"
"2022/cve-2022-24810.json","2024-04-02T16:37:06+02:00"
"2022/cve-2022-24812.json","2024-04-02T16:37:06+02:00"
"2022/cve-2022-24823.json","2024-04-02T16:37:07+02:00"
"2022/cve-2022-24834.json","2024-04-02T16:37:07+02:00"
"2022/cve-2022-24836.json","2024-04-02T16:37:07+02:00"
"2022/cve-2022-24839.json","2024-04-02T16:37:07+02:00"
"2022/cve-2022-24859.json","2024-04-02T16:37:08+02:00"
"2022/cve-2022-24863.json","2024-04-02T16:37:08+02:00"
"2022/cve-2022-24882.json","2024-04-02T16:37:08+02:00"
"2022/cve-2022-24883.json","2024-04-02T16:37:08+02:00"
"2022/cve-2022-24903.json","2024-04-02T16:37:09+02:00"
"2022/cve-2022-24904.json","2024-04-02T16:37:09+02:00"
"2022/cve-2022-24905.json","2024-04-02T16:37:09+02:00"
"2022/cve-2022-24921.json","2024-04-02T16:37:09+02:00"
"2022/cve-2022-24958.json","2024-04-02T16:37:09+02:00"
"2022/cve-2022-24959.json","2024-04-02T16:37:10+02:00"
"2022/cve-2022-24963.json","2024-04-02T16:37:10+02:00"
"2022/cve-2022-24975.json","2024-04-02T16:37:10+02:00"
"2022/cve-2022-24999.json","2024-04-02T16:37:10+02:00"
"2022/cve-2022-2503.json","2024-04-02T16:37:11+02:00"
"2022/cve-2022-2505.json","2024-04-02T16:37:11+02:00"
"2022/cve-2022-2509.json","2024-04-02T16:37:11+02:00"
"2022/cve-2022-25147.json","2024-04-02T16:37:11+02:00"
"2022/cve-2022-25168.json","2024-04-02T16:37:11+02:00"
"2022/cve-2022-25173.json","2024-04-02T16:37:12+02:00"
"2022/cve-2022-25174.json","2024-04-02T16:37:12+02:00"
"2022/cve-2022-25175.json","2024-04-02T16:37:13+02:00"
"2022/cve-2022-25176.json","2024-04-02T16:37:13+02:00"
"2022/cve-2022-25177.json","2024-04-02T16:37:13+02:00"
"2022/cve-2022-25178.json","2024-04-02T16:37:14+02:00"
"2022/cve-2022-25179.json","2024-04-02T16:37:14+02:00"
"2022/cve-2022-25180.json","2024-04-02T16:37:14+02:00"
"2022/cve-2022-25181.json","2024-04-02T16:37:15+02:00"
"2022/cve-2022-25182.json","2024-04-02T16:37:15+02:00"
"2022/cve-2022-25183.json","2024-04-02T16:37:15+02:00"
"2022/cve-2022-25184.json","2024-04-02T16:37:15+02:00"
"2022/cve-2022-2519.json","2024-04-02T16:37:16+02:00"
"2022/cve-2022-2520.json","2024-04-02T16:37:16+02:00"
"2022/cve-2022-2521.json","2024-04-02T16:37:16+02:00"
"2022/cve-2022-2522.json","2024-04-02T16:37:16+02:00"
"2022/cve-2022-25235.json","2024-04-02T16:37:17+02:00"
"2022/cve-2022-25236.json","2024-04-02T16:37:17+02:00"
"2022/cve-2022-25243.json","2024-04-02T16:37:17+02:00"
"2022/cve-2022-25244.json","2024-04-02T16:37:18+02:00"
"2022/cve-2022-25255.json","2024-04-02T16:37:18+02:00"
"2022/cve-2022-25258.json","2024-04-02T16:37:18+02:00"
"2022/cve-2022-2526.json","2024-04-02T16:37:18+02:00"
"2022/cve-2022-25265.json","2024-04-02T16:37:19+02:00"
"2022/cve-2022-25308.json","2024-04-02T16:37:19+02:00"
"2022/cve-2022-25309.json","2024-04-02T16:37:19+02:00"
"2022/cve-2022-25310.json","2024-04-02T16:37:19+02:00"
"2022/cve-2022-25313.json","2024-04-02T16:37:19+02:00"
"2022/cve-2022-25314.json","2024-04-02T16:37:20+02:00"
"2022/cve-2022-25315.json","2024-04-02T16:37:20+02:00"
"2022/cve-2022-25375.json","2024-04-02T16:37:20+02:00"
"2022/cve-2022-25517.json","2024-04-02T16:37:20+02:00"
"2022/cve-2022-2553.json","2024-04-02T16:37:21+02:00"
"2022/cve-2022-25634.json","2024-04-02T16:37:21+02:00"
"2022/cve-2022-25636.json","2024-04-02T16:37:21+02:00"
"2022/cve-2022-25645.json","2024-04-02T16:37:21+02:00"
"2022/cve-2022-25647.json","2024-04-02T16:37:22+02:00"
"2022/cve-2022-25648.json","2024-04-02T16:37:22+02:00"
"2022/cve-2022-2568.json","2024-04-02T16:37:22+02:00"
"2022/cve-2022-2571.json","2024-04-02T16:37:23+02:00"
"2022/cve-2022-25758.json","2024-04-02T16:37:23+02:00"
"2022/cve-2022-25762.json","2024-04-02T16:37:23+02:00"
"2022/cve-2022-2580.json","2024-04-02T16:37:24+02:00"
"2022/cve-2022-2581.json","2024-04-02T16:37:24+02:00"
"2022/cve-2022-25844.json","2024-04-02T16:37:24+02:00"
"2022/cve-2022-25845.json","2024-04-02T16:37:25+02:00"
"2022/cve-2022-2585.json","2024-04-02T16:37:25+02:00"
"2022/cve-2022-25853.json","2024-04-02T16:37:25+02:00"
"2022/cve-2022-25857.json","2024-04-02T16:37:26+02:00"
"2022/cve-2022-25858.json","2024-04-02T16:37:26+02:00"
"2022/cve-2022-2586.json","2024-04-02T16:37:26+02:00"
"2022/cve-2022-25878.json","2024-04-02T16:37:27+02:00"
"2022/cve-2022-2588.json","2024-04-02T16:37:27+02:00"
"2022/cve-2022-25881.json","2024-04-02T16:37:27+02:00"
"2022/cve-2022-25883.json","2024-04-02T16:37:28+02:00"
"2022/cve-2022-25887.json","2024-04-02T16:37:28+02:00"
"2022/cve-2022-25896.json","2024-04-02T16:37:28+02:00"
"2022/cve-2022-25897.json","2024-04-02T16:37:28+02:00"
"2022/cve-2022-2590.json","2024-04-02T16:37:29+02:00"
"2022/cve-2022-25901.json","2024-04-02T16:37:29+02:00"
"2022/cve-2022-25914.json","2024-04-02T16:37:29+02:00"
"2022/cve-2022-25927.json","2024-04-02T16:37:29+02:00"
"2022/cve-2022-25942.json","2024-04-02T16:37:30+02:00"
"2022/cve-2022-2596.json","2024-04-02T16:37:30+02:00"
"2022/cve-2022-25967.json","2024-04-02T16:37:30+02:00"
"2022/cve-2022-25972.json","2024-04-02T16:37:31+02:00"
"2022/cve-2022-2598.json","2024-04-02T16:37:31+02:00"
"2022/cve-2022-2601.json","2024-04-02T16:37:31+02:00"
"2022/cve-2022-2602.json","2024-04-02T16:37:31+02:00"
"2022/cve-2022-26061.json","2024-04-02T16:37:32+02:00"
"2022/cve-2022-26125.json","2024-04-02T16:37:32+02:00"
"2022/cve-2022-26126.json","2024-04-02T16:37:32+02:00"
"2022/cve-2022-26127.json","2024-04-02T16:37:32+02:00"
"2022/cve-2022-26128.json","2024-04-02T16:37:33+02:00"
"2022/cve-2022-26129.json","2024-04-02T16:37:33+02:00"
"2022/cve-2022-26148.json","2024-04-02T16:37:33+02:00"
"2022/cve-2022-26280.json","2024-04-02T16:37:34+02:00"
"2022/cve-2022-26305.json","2024-04-02T16:37:34+02:00"
"2022/cve-2022-26306.json","2024-04-02T16:37:35+02:00"
"2022/cve-2022-26307.json","2024-04-02T16:37:35+02:00"
"2022/cve-2022-26336.json","2024-04-02T16:37:35+02:00"
"2022/cve-2022-26343.json","2024-04-02T16:37:36+02:00"
"2022/cve-2022-26353.json","2024-04-02T16:37:36+02:00"
"2022/cve-2022-26354.json","2024-04-02T16:37:36+02:00"
"2022/cve-2022-26373.json","2024-04-02T16:37:36+02:00"
"2022/cve-2022-26377.json","2024-04-02T16:37:37+02:00"
"2022/cve-2022-26381.json","2024-04-02T16:37:37+02:00"
"2022/cve-2022-26383.json","2024-04-02T16:37:37+02:00"
"2022/cve-2022-26384.json","2024-04-02T16:37:38+02:00"
"2022/cve-2022-26386.json","2024-04-02T16:37:38+02:00"
"2022/cve-2022-26387.json","2024-04-02T16:37:38+02:00"
"2022/cve-2022-2639.json","2024-04-02T16:37:39+02:00"
"2022/cve-2022-26485.json","2024-04-02T16:37:39+02:00"
"2022/cve-2022-26486.json","2024-04-02T16:37:39+02:00"
"2022/cve-2022-26490.json","2024-04-02T16:37:40+02:00"
